age,1,2,3,4,5,6,7,8,9,10
1,0.6515151515151515,0.24242424242424243,0.045454545454545456,0.06060606060606061,0.0,0.0,0.0,0.0,0.0,0.0
2,0.2616033755274262,0.2616033755274262,0.21518987341772153,0.1350210970464135,0.05907172995780591,0.05063291139240506,0.0,0.012658227848101266,0.0,0.004219409282700422
3,0.12014134275618374,0.2226148409893993,0.1625441696113074,0.17314487632508835,0.10247349823321555,0.0353356890459364,0.0353356890459364,0.0706713780918728,0.053003533568904596,0.024734982332155476
4,0.07556675062972293,0.14105793450881612,0.1309823677581864,0.12342569269521411,0.15869017632241814,0.09571788413098237,0.10075566750629723,0.09571788413098237,0.042821158690176324,0.03526448362720403
5,0.03713527851458886,0.10079575596816977,0.09814323607427056,0.10610079575596817,0.16180371352785147,0.1246684350132626,0.08488063660477453,0.13793103448275862,0.08753315649867374,0.0610079575596817
6,0.04576659038901602,0.07551487414187644,0.08695652173913043,0.11441647597254005,0.11212814645308924,0.15789473684210525,0.11212814645308924,0.11899313501144165,0.09153318077803203,0.08466819221967964
7,0.017738359201773836,0.050997782705099776,0.08425720620842572,0.10643015521064302,0.12195121951219512,0.11751662971175167,0.13082039911308205,0.14855875831485588,0.1130820399113082,0.10864745011086474
8,0.03349282296650718,0.05263157894736842,0.08851674641148326,0.09569377990430622,0.10047846889952153,0.1339712918660287,0.11244019138755981,0.1339712918660287,0.1507177033492823,0.09808612440191387
9,0.019867549668874173,0.03090507726269316,0.03532008830022075,0.11037527593818984,0.11479028697571744,0.12141280353200883,0.1280353200883002,0.1545253863134658,0.16997792494481237,0.11479028697571744
10,0.011904761904761904,0.026785714285714284,0.07142857142857142,0.09523809523809523,0.125,0.09523809523809523,0.13392857142857142,0.16666666666666666,0.125,0.1488095238095238
