age,1,2,3,4,5,6,7,8,9,10,11
1,0.45156932204004924,0.32731453871808963,0.22896791009850112,0.0,0.0,0.0,0.0,0.0,0.0,0.0,0.0
2,0.25753289108438526,0.24724021747619077,0.18328225059160583,0.1588557439700883,0.11813210898526877,0.07213067632512661,0.07958295490881287,0.04948716593053935,0.0,0.0,0.0
3,0.14466470993900488,0.17548608748158445,0.1535254757061767,0.17026529677577007,0.13546984699474146,0.1778867161033207,0.08016990247267414,0.09647873528058507,0.05328943163946677,0.06033087938722348,0.0399829895803492
4,0.08386136206738615,0.09944415595596424,0.12480297526906028,0.12259002977893473,0.10335372495276321,0.09810349689041563,0.0864477774134052,0.07836818199041826,0.07247484749609065,0.08457000234235797,0.1336585903669299
5,0.06743139603282985,0.09291422818800692,0.08344559655177508,0.09559439702660848,0.10898506424231465,0.09877593757308482,0.08882812367954265,0.07828733716803059,0.08809060298103112,0.0624849138183353,0.10414929275918551
6,0.040364979855083166,0.06488915621290933,0.07509835315450179,0.07127603969641179,0.07437527077886522,0.10344678242107944,0.09964613236415193,0.08108045411030379,0.07307942831437246,0.05729497860755626,0.14323447832136565
7,0.021485124600653167,0.04734032121275394,0.06602153973223317,0.0564615766252837,0.0719503452274828,0.07550491639460483,0.0800850533690096,0.06658388508033532,0.06862654831230007,0.060129719404222765,0.13393878422925823
8,0.024699091926144133,0.03197314795665848,0.045562693360179686,0.054748183877530124,0.06894166821096152,0.050125599523295324,0.06761826683617862,0.06327463601724104,0.05602993871271721,0.05558911519077159,0.11803432484397886
9,0.02800165586699526,0.029311207318981996,0.033871829229939664,0.03643166322417231,0.04771688137184259,0.05895451882578539,0.06462227778542191,0.05482797580116248,0.05202022609884228,0.05763732218568027,0.12246361815942838
10,0.02122916733822822,0.025210201660517205,0.037708372006544706,0.03332445060850335,0.04742904116295472,0.0549666933161037,0.050622507900133465,0.05286159268916064,0.04404151134202708,0.051166880942505426,0.1159459921046556
